question,type,lines,marks
"Define encapsulation and explain its importance in Object-Oriented Programming.",short,4,3
"Explain the difference between mutable and immutable data types in Python with suitable examples.",short,4,3
"What is method overriding in Python? Provide a short code snippet demonstrating it.",short,5,3
"Explain the concept of recursion and state its base condition importance.",short,4,3
"Discuss the four fundamental pillars of Object-Oriented Programming with detailed real-world examples.",long,8,5
"Explain the SOLID principles in software engineering and discuss how they help in writing maintainable code.",long,10,5
"Describe the Model-View-Controller (MVC) architectural pattern and the role of each component.",long,8,5
"Discuss exception handling in Python. Explain the purpose of try, except, else, and finally blocks with examples.",long,8,5

